title,abstract,publish_time,journal,source_x
COVID-19 and its impact on global health,This paper discusses the health impacts of COVID-19 globally.,2020-03-15,Global Health Journal,WHO
SARS-CoV-2 vaccine development progress,An overview of vaccine development and trials for SARS-CoV-2.,2021-01-10,Vaccine Research,PubMed
Pandemic response strategies in 2020,Strategies adopted by governments in response to the pandemic.,2020-06-25,Public Policy Review,Elsevier
Clinical outcomes of COVID-19 patients,Analysis of clinical outcomes among hospitalized COVID-19 patients.,2021-11-05,Clinical Medicine,Springer
Mental health challenges during lockdown,Study on mental health challenges experienced during lockdown.,2020-09-30,Psychology Today,ScienceDirect
